,cerrado,mata_nebular,mata_riparia,mata_rupicola,mata_seca,mata_semidecidua
Abarema_brachystachya,0,0,1,0,0,1
Abarema_cochliacarpos,0,0,0,0,0,1
Abarema_langsdorffii,0,0,0,0,0,1
Abarema_villosa,0,0,0,0,0,1
Abatia_americana,1,1,0,1,0,0
Acnistus_arborescens,0,1,0,0,0,0
Acosmium_diffusissimum,0,0,0,0,1,0
Acritopappus_irwinii,1,0,0,0,0,0
Acritopappus_pereirae,1,0,0,0,0,0
Acritopappus_subtomentosus,1,0,0,0,0,0
Acrocomia_aculeata,0,0,1,0,1,1
Actinostemon_concolor,0,1,1,1,0,1
Actinostemon_klotzschii,0,0,0,0,0,1
Aegiphila_integrifolia,1,1,1,1,0,1
Aegiphila_mediterranea,0,0,0,1,0,1
Aegiphila_obducta,0,1,0,1,0,1
Aegiphila_verticillata,1,0,0,0,0,0
Agarista_coriifolia,1,1,0,1,0,0
Agarista_eucalyptoides,0,1,0,1,0,1
Agarista_glaberrima,1,1,0,1,0,0
Agarista_oleifolia,0,1,0,1,0,1
Agarista_pulchra,1,1,0,1,0,0
Agonandra_brasiliensis,1,0,1,0,0,0
Agonandra_excelsa,0,0,0,0,0,1
Aiouea_acarodomatifera,0,1,0,0,0,1
Aiouea_erythropus,1,1,0,1,0,0
Aiouea_haussknechtii,0,0,0,1,0,0
Aiouea_montana,0,0,0,1,0,1
Aiouea_pseudoglaziovii,0,0,0,0,0,1
Aiouea_rubrinervia,0,0,0,1,0,1
Aiouea_saligna,0,1,0,1,0,1
Aiouea_sellowiana,0,0,0,0,0,1
Aiouea_stenophylla,0,1,0,0,0,1
Aiouea_tomentosa,0,1,0,1,0,1
Aiouea_trinervis,1,1,0,0,0,0
Albizia_niopoides,0,0,1,0,1,0
Albizia_polycephala,0,0,1,0,0,1
Alchornea_glandulosa,0,0,0,1,0,1
Alchornea_triplinervia,0,1,1,1,0,1
Allagoptera_caudescens,0,0,0,0,0,1
Allophylus_edulis,0,1,0,1,0,1
Allophylus_melanophloeus,0,0,0,0,0,1
Allophylus_racemosus,0,1,1,0,0,1
Allophylus_semidentatus,0,0,0,0,0,1
Aloysia_virgata,0,0,1,0,1,1
Alseis_floribunda,0,0,0,0,1,1
Alsophila_setosa,0,0,0,0,0,1
Alsophila_sternbergii,0,1,0,0,0,1
Amaioua_glomerulata,0,1,0,0,0,0
Amaioua_guianensis,0,1,1,0,0,1
Amaioua_intermedia,0,1,1,1,0,1
Amaioua_pilosa,0,0,0,0,0,1
Anacardium_occidentale,1,0,0,0,0,0
Anadenanthera_colubrina,0,0,0,0,1,1
Anadenanthera_peregrina,1,0,1,0,0,1
Anaxagorea_dolichocarpa,0,0,0,0,0,1
Anaxagorea_silvatica,0,0,0,1,0,0
Andira_fraxinifolia,0,0,1,0,0,1
Andira_legalis,0,0,0,0,0,1
Andira_ormosioides,0,0,0,0,0,1
Andira_vermifuga,1,0,0,0,0,0
Aniba_canelilla,0,0,0,0,0,1
Aniba_desertorum,0,0,0,1,0,0
Aniba_firmula,0,1,0,1,0,1
Aniba_heringeri,0,0,1,0,0,1
Aniba_intermedia,0,0,0,0,0,1
Annona_cacans,0,0,0,0,0,1
Annona_coriacea,1,0,0,0,0,0
Annona_crassiflora,1,0,0,0,0,0
Annona_dolabripetala,0,1,1,1,0,1
Annona_emarginata,0,1,1,0,1,1
Annona_leptopetala,0,0,0,0,1,0
Annona_mucosa,0,0,0,0,0,1
Annona_sylvatica,0,1,1,0,1,1
Antonia_ovata,1,0,1,1,0,1
Aparisthmium_cordatum,0,0,0,0,0,1
Apeiba_tibourbou,0,0,1,0,1,1
Aptandra_tubicina,0,0,0,0,0,1
Apuleia_leiocarpa,0,0,1,0,0,1
Aralia_warmingiana,0,0,0,0,1,0
Araucaria_angustifolia,0,1,0,0,0,0
Arthrocereus_melanurus,1,0,0,0,0,0
Aspidosperma_australe,0,0,1,0,0,1
Aspidosperma_cuspa,0,0,0,0,1,0
Aspidosperma_cylindrocarpon,0,0,1,0,1,1
Aspidosperma_discolor,0,0,0,0,0,1
Aspidosperma_dispermum,1,1,0,1,0,1
Aspidosperma_macrocarpon,1,0,0,0,0,0
Aspidosperma_olivaceum,0,0,0,0,0,1
Aspidosperma_parvifolium,0,0,0,1,0,1
Aspidosperma_polyneuron,0,0,0,0,1,1
Aspidosperma_pyrifolium,0,0,0,0,1,0
Aspidosperma_ramiflorum,0,0,0,0,0,1
Aspidosperma_riedelii,0,0,0,1,1,0
Aspidosperma_spruceanum,0,1,1,0,0,1
Aspidosperma_subincanum,0,0,0,0,1,1
Aspidosperma_tomentosum,1,0,0,0,0,0
Astrocaryum_aculeatissimum,0,0,0,0,0,1
Astronium_concinnum,0,0,0,0,0,1
Astronium_fraxinifolium,0,0,1,0,0,1
Astronium_graveolens,0,0,0,0,0,1
Astronium_nelson.rosae,0,0,0,0,0,1
Attalea_apoda,0,0,0,0,0,1
Attalea_compta,0,0,1,0,1,0
Aureliana_anonacea,1,1,0,1,0,0
Aureliana_brasiliana,0,1,0,0,0,0
Aureliana_fasciculata,0,1,0,1,0,0
Aureliana_pogogena,0,1,0,1,0,1
Aureliana_velutina,0,1,0,1,0,1
Austrocritonia_angulicaulis,1,1,0,1,0,0
Austrocritonia_velutina,0,1,1,1,0,1
Austroeupatorium_inulaefolium,0,1,0,1,0,1
Baccharis_calvescens,0,1,0,1,0,1
Baccharis_caprariifolia,0,1,0,1,0,0
Baccharis_dentata,0,0,0,1,0,1
Baccharis_dracunculifolia,1,0,0,0,1,1
Baccharis_intermixta,1,0,0,1,0,0
Baccharis_lychnophora,1,1,0,1,0,1
Baccharis_microdonta,1,1,0,0,0,0
Baccharis_montana,0,1,0,1,0,0
Baccharis_oblongifolia,1,1,0,1,0,1
Baccharis_retusa,1,1,1,1,0,1
Baccharis_rufidula,1,1,0,1,0,0
Baccharis_semiserrata,0,1,0,1,0,0
Baccharis_serrulata,1,1,0,1,0,1
Baccharis_singularis,0,1,0,0,0,0
Bactris_setosa,0,0,0,0,0,1
Banara_parviflora,0,0,0,1,0,0
Banara_serrata,0,1,0,0,0,1
Banisteriopsis_arborea,1,0,0,1,0,0
Bastardiopsis_densiflora,0,0,0,0,1,0
Bathysa_australis,0,1,1,0,0,1
Bathysa_nicholsonii,0,0,1,0,0,1
Bauhinia_acuruana,1,0,0,0,1,0
Bauhinia_cheilantha,1,0,0,0,0,0
Bauhinia_forficata,0,0,1,0,1,1
Bauhinia_fusconervis,0,0,0,0,0,1
Bauhinia_glaziovii,0,1,0,1,0,0
Bauhinia_longifolia,1,0,1,0,0,1
Bauhinia_ovata,0,0,0,0,0,1
Bauhinia_pentandra,0,0,0,0,1,0
Bauhinia_pulchella,1,0,0,0,1,1
Bauhinia_rufa,1,0,0,0,1,0
Bauhinia_ungulata,1,0,1,0,1,0
Beilschmiedia_taubertiana,0,1,0,0,0,0
Beilschmiedia_vestita,0,0,0,0,0,1
Berberis_laurina,1,1,0,1,0,0
Bernardinia_fluminensis,0,0,0,0,0,1
Blechnum_schomburgkii,0,1,0,1,0,0
Blepharocalyx_salicifolius,1,1,1,1,0,1
Boehmeria_caudata,0,1,1,0,0,1
Bowdichia_virgilioides,1,0,1,0,0,1
Brasiliopuntia_brasiliensis,0,0,0,0,1,0
Bredemeyera_floribunda,1,0,1,0,0,1
Bredemeyera_hebeclada,0,1,0,0,0,1
Brosimum_gaudichaudii,1,0,0,0,0,1
Brosimum_glaucum,0,1,0,0,0,1
Brosimum_glaziovii,0,0,0,0,0,1
Brosimum_guianense,0,0,0,0,0,1
Brosimum_lactescens,0,0,0,0,0,1
Brugmansia_suaveolens,0,0,0,1,0,0
Brunfelsia_pauciflora,0,1,0,0,0,1
Buchenavia_hoehneana,0,0,0,0,0,1
Buchenavia_tetraphylla,0,0,0,0,0,1
Buchenavia_tomentosa,1,0,0,0,0,0
Buddleja_stachyoides,1,1,0,1,0,1
Butia_capitata,1,0,0,0,0,0
Byrsonima_affinis,1,0,0,0,0,0
Byrsonima_chrysophylla,0,0,0,0,0,1
Byrsonima_clausseniana,1,0,0,0,0,0
Byrsonima_coccolobifolia,1,0,0,0,0,0
Byrsonima_correifolia,0,0,0,1,0,0
Byrsonima_crassifolia,0,0,1,0,0,1
Byrsonima_crispa,0,0,0,0,0,1
Byrsonima_cydoniifolia,1,0,0,0,0,0
Byrsonima_fonsecae,1,0,0,1,0,0
Byrsonima_intermedia,1,0,0,0,0,0
Byrsonima_lancifolia,1,0,0,1,0,0
Byrsonima_laxiflora,0,0,1,0,0,1
Byrsonima_ligustrifolia,0,1,0,1,0,1
Byrsonima_macrophylla,0,1,0,1,0,1
Byrsonima_martiana,0,0,0,1,0,0
Byrsonima_pachyphylla,1,0,0,0,0,0
Byrsonima_perseifolia,0,0,0,1,0,0
Byrsonima_salzmanniana,1,0,0,1,0,0
Byrsonima_sericea,1,0,1,0,0,1
Byrsonima_spinensis,1,0,0,1,0,0
Byrsonima_stannardii,0,1,0,1,0,1
Byrsonima_stipulacea,0,0,0,0,0,1
Byrsonima_vacciniifolia,1,1,0,1,0,1
Byrsonima_variabilis,1,1,0,1,0,0
Byrsonima_verbascifolia,1,0,0,0,0,0
Cabralea_canjerana,0,1,1,1,0,1
Cabralea_polytricha,1,0,0,0,0,0
Calliandra_asplenioides,1,1,0,1,0,1
Calliandra_brevipes,1,0,0,0,0,0
Calliandra_foliolosa,0,0,1,0,0,0
Calliandra_tweedii,0,0,0,1,0,0
Callianthe_bedfordiana,0,0,0,0,0,1
Callianthe_rufinerva,1,1,0,1,0,0
Callisthene_castellanosii,0,0,0,1,0,0
Callisthene_erythroclada,1,0,0,1,0,0
Callisthene_fasciculata,0,0,0,0,1,0
Callisthene_hassleri,1,0,0,0,0,0
Callisthene_major,1,0,1,1,0,1
Callisthene_microphylla,1,0,0,0,1,0
Callisthene_minor,0,0,0,1,0,1
Calophyllum_brasiliense,1,1,1,1,0,1
Calyptranthes_brasiliensis,1,1,0,1,0,1
Calyptranthes_clusiifolia,0,0,1,0,0,1
Calyptranthes_concinna,0,1,0,1,0,1
Calyptranthes_grammica,0,1,1,1,0,1
Calyptranthes_grandifolia,0,0,0,0,0,1
Calyptranthes_lucida,0,0,1,0,0,1
Calyptranthes_pteropoda,0,1,0,1,0,0
Calyptranthes_pulchella,0,1,0,1,0,1
Calyptranthes_rufa,0,0,0,1,0,0
Calyptranthes_widgreniana,0,0,1,0,0,1
Campomanesia_eugenioides,0,0,0,1,0,0
Campomanesia_guaviroba,0,1,0,0,0,1
Campomanesia_guazumifolia,0,1,0,1,1,1
Campomanesia_laurifolia,0,0,0,0,0,1
Campomanesia_lundiana,0,0,0,0,0,1
Campomanesia_prosthecesepala,0,0,0,0,0,1
Campomanesia_rufa,0,1,0,1,0,1
Campomanesia_sessiliflora,1,1,1,1,0,1
Campomanesia_simulans,0,1,0,1,0,0
Campomanesia_velutina,1,1,1,1,0,1
Campomanesia_xanthocarpa,0,1,0,0,0,1
Cardiopetalum_calophyllum,0,0,0,0,0,1
Cariniana_estrellensis,0,1,1,0,0,1
Cariniana_legalis,0,0,0,0,0,1
Carpotroche_brasiliensis,0,0,0,0,0,1
Caryocar_brasiliense,1,0,0,0,0,0
Caryodendron_janeirense,0,0,0,0,0,1
Casearia_aculeata,0,0,0,1,0,0
Casearia_arborea,0,0,1,0,0,1
Casearia_commersoniana,0,0,0,0,0,1
Casearia_decandra,0,1,1,1,0,1
Casearia_eichleriana,1,0,0,1,0,1
Casearia_gossypiosperma,0,0,1,0,1,0
Casearia_grandiflora,1,0,0,1,0,1
Casearia_lasiophylla,0,0,0,0,0,1
Casearia_mariquitensis,0,0,0,0,0,1
Casearia_mestrensis,1,0,0,0,0,0
Casearia_obliqua,0,1,0,1,0,1
Casearia_rufescens,1,0,0,1,0,1
Casearia_rupestris,0,0,1,0,1,1
Casearia_selloana,0,0,0,0,1,1
Casearia_sylvestris,1,1,1,1,1,1
Casearia_ulmifolia,0,0,0,0,0,1
Cassia_ferruginea,0,1,1,0,0,1
Cecropia_glaziovii,0,1,0,1,0,1
Cecropia_hololeuca,0,1,0,1,0,1
Cecropia_pachystachya,0,0,1,1,1,1
Cedrela_fissilis,0,1,1,0,1,1
Cedrela_odorata,0,1,0,0,1,1
Ceiba_jasminodora,0,0,0,1,0,1
Ceiba_pubiflora,0,0,0,0,1,0
Ceiba_rubriflora,0,0,0,0,1,0
Ceiba_speciosa,0,0,0,0,0,1
Celtis_brasiliensis,0,0,1,0,1,1
Celtis_iguanaea,0,1,1,0,1,1
Cenostigma_macrophyllum,0,0,0,0,0,1
Centrolobium_microchaete,0,0,0,0,0,1
Centrolobium_tomentosum,0,1,0,0,0,1
Cereus_jamacaru,1,0,0,0,1,1
Cestrum_axillare,0,0,1,1,1,1
Cestrum_bracteatum,0,1,1,1,0,1
Cestrum_mariquitense,0,0,1,1,1,1
Cestrum_obovatum,1,0,0,0,0,0
Cestrum_pedicellatum,0,0,1,0,0,0
Cestrum_schlechtendalii,0,1,1,0,0,1
Cestrum_strigilatum,0,0,1,0,0,0
Cestrum_velutinum,0,0,1,0,0,0
Chaetocarpus_myrsinites,0,0,0,0,0,1
Chamaecrista_adenophylla,1,0,0,0,0,0
Chamaecrista_apoucouita,0,0,0,1,0,0
Chamaecrista_aspleniifolia,0,0,0,0,0,1
Chamaecrista_brachystachya,1,1,0,1,0,0
Chamaecrista_bracteolata,1,0,0,1,0,0
Chamaecrista_celiae,1,0,0,0,0,0
Chamaecrista_cytisoides,1,1,0,1,0,1
Chamaecrista_decora,0,1,0,1,0,0
Chamaecrista_dentata,1,1,0,1,0,0
Chamaecrista_duartei,0,0,0,0,0,1
Chamaecrista_ensiformis,0,0,1,0,0,1
Chamaecrista_ericifolia,0,0,0,1,0,0
Chamaecrista_glaziovii,1,0,0,1,0,0
Chamaecrista_glischrodes,1,0,1,0,0,0
Chamaecrista_hedysaroides,1,1,0,1,0,0
Chamaecrista_lentiscifolia,0,0,0,1,0,0
Chamaecrista_multiseta,1,0,0,0,0,0
Chamaecrista_orbiculata,1,0,0,0,0,0
Chamaecrista_phyllostachya,1,0,0,1,0,0
Chamaecrista_pilicarpa,1,1,0,0,0,0
Cheiloclinium_cognatum,0,0,1,0,0,1
Chionanthus_crassifolius,1,1,1,1,0,1
Chionanthus_ferrugineus,0,0,0,1,0,1
Chionanthus_filiformis,0,1,0,0,0,1
Chionanthus_greenii,0,0,0,0,0,1
Chionanthus_subsessilis,0,0,0,0,0,1
Chionanthus_trichotomus,0,0,1,0,0,0
Chloroleucon_dumosum,0,0,0,0,1,0
Chloroleucon_foliolosum,1,0,0,0,0,0
Chomelia_brasiliana,0,0,1,0,0,0
Chomelia_obtusa,1,0,0,0,1,0
Chomelia_pohliana,0,0,1,1,0,1
Chomelia_pubescens,0,0,0,0,0,1
Chronopappus_bifrons,1,1,0,1,0,0
Chrysobalanus_icaco,1,0,0,0,0,0
Chrysochlamys_saldanhae,0,0,0,0,0,1
Chrysophyllum_gonocarpum,0,0,0,0,0,1
Chrysophyllum_marginatum,0,0,1,0,1,1
Cinnamodendron_dinisii,0,1,0,0,0,1
Citharexylum_myrianthum,0,0,0,0,0,1
Citronella_gongonha,0,1,0,1,0,1
Citronella_paniculata,0,1,1,1,0,1
Clethra_scabra,1,1,1,1,0,1
Clusia_criuva,1,1,1,1,0,1
Clusia_diamantina,1,0,0,0,0,0
Clusia_fragrans,1,1,0,1,0,0
Clusia_nemorosa,1,1,0,1,0,1
Clusia_organensis,0,1,0,0,0,1
Clusia_riedeliana,1,0,0,0,0,0
Coccoloba_glaziovii,0,0,0,0,0,1
Coccoloba_mollis,0,0,1,0,0,1
Coccoloba_salicifolia,1,0,1,1,0,0
Coccoloba_schwackeana,0,0,0,0,1,0
Coccoloba_warmingii,0,0,0,0,0,1
Cochlospermum_vitifolium,0,0,0,1,0,0
Colubrina_glandulosa,0,0,0,0,0,1
Combretum_duarteanum,1,0,0,0,0,0
Combretum_glaucocarpum,1,0,0,0,0,0
Combretum_leprosum,0,0,0,0,1,0
Conchocarpus_pentandrus,0,0,0,1,0,0
Connarus_beyrichii,0,0,0,0,0,1
Connarus_detersus,0,0,0,0,0,1
Connarus_regnellii,0,0,0,0,0,1
Connarus_suberosus,1,0,0,0,0,0
Copaifera_coriacea,0,0,0,1,0,0
Copaifera_langsdorffii,1,0,1,0,1,1
Copaifera_magnifolia,1,0,0,0,0,0
Copaifera_trapezifolia,0,0,0,0,0,1
Cordia_ecalyculata,0,0,1,0,0,1
Cordia_fusca,0,0,0,0,0,1
Cordia_glabrata,0,0,0,0,1,0
Cordia_incognita,0,0,0,0,1,0
Cordia_magnoliifolia,0,0,0,0,0,1
Cordia_nodosa,0,0,0,0,0,1
Cordia_sellowiana,0,1,1,0,0,1
Cordia_silvestris,0,0,0,1,0,0
Cordia_superba,0,0,1,0,0,1
Cordia_trichoclada,0,0,0,0,0,1
Cordia_trichotoma,0,0,0,0,1,1
Cordiera_concolor,0,1,1,1,0,1
Cordiera_elliptica,1,1,0,1,0,1
Cordiera_rigida,0,1,1,1,0,0
Cordiera_sessilis,1,1,1,0,0,1
Cordiera_stipulacea,0,0,0,1,0,0
Cordiera_vinosa,1,1,0,1,0,1
Couepia_grandiflora,1,0,0,0,0,0
Couepia_rufa,0,0,0,0,0,1
Couepia_uiti,0,0,0,0,0,1
Couepia_venosa,0,0,0,0,0,1
Coussapoa_microcarpa,0,0,0,1,0,1
Coussarea_congestiflora,0,0,0,1,0,1
Coussarea_contracta,0,1,0,1,0,0
Coussarea_graciliflora,0,0,0,1,0,0
Coussarea_hydrangeifolia,1,0,1,0,0,1
Coussarea_nodosa,0,1,0,0,0,0
Coussarea_verticillata,0,0,0,0,0,1
Coutarea_hexandra,0,1,1,0,1,1
Critoniopsis_stellata,0,0,0,1,0,0
Croton_celtidifolius,0,1,0,1,0,1
Croton_echinocarpus,0,1,0,1,0,1
Croton_floribundus,0,1,0,0,0,1
Croton_lagoensis,0,0,0,1,0,0
Croton_piptocalyx,0,0,0,0,0,1
Croton_plagiograptus,0,0,0,1,0,0
Croton_pseudopopulus,0,0,0,1,0,0
Croton_rottlerifolius,0,0,0,1,0,0
Croton_salutaris,0,1,0,1,0,0
Croton_urucurana,0,0,1,1,0,1
Croton_vulnerarius,0,0,0,1,0,0
Cryptocarya_mandioccana,0,1,0,1,0,1
Cryptocarya_micrantha,0,0,0,1,0,1
Cryptocarya_moschata,0,1,1,1,0,1
Cryptocarya_saligna,0,0,0,0,0,1
Cryptocarya_sellowiana,0,0,0,0,0,1
Cupania_emarginata,0,0,0,0,0,1
Cupania_ludowigii,0,1,0,0,0,1
Cupania_oblongifolia,0,0,0,1,0,1
Cupania_paniculata,1,0,0,0,0,1
Cupania_platycarpa,0,0,1,0,1,1
Cupania_racemosa,0,1,0,0,0,1
Cupania_radlkoferi,0,0,0,0,0,1
Cupania_rugosa,0,0,0,0,0,1
Cupania_tenuivalvis,0,0,0,0,0,1
Cupania_vernalis,0,1,1,0,0,1
Cupania_zanthoxyloides,0,1,0,1,0,1
Curatella_americana,1,0,0,0,0,0
Cyathea_atrovirens,0,0,0,1,0,1
Cyathea_corcovadensis,0,1,0,1,0,1
Cyathea_delgadii,0,1,1,1,0,1
Cyathea_dichromatolepis,0,1,0,0,0,1
Cyathea_gardneri,0,1,0,1,0,1
Cyathea_hirsuta,0,0,0,1,0,0
Cyathea_leucofolis,0,1,0,1,0,1
Cyathea_microdonta,0,0,0,0,0,1
Cyathea_phalerata,0,1,1,1,0,1
Cyathea_poeppigii,0,1,0,1,0,0
Cyathea_rufa,0,1,0,0,0,1
Cyathea_villosa,1,1,0,1,0,1
Cybianthus_fuscus,0,1,0,1,0,0
Cybianthus_minutiflorus,0,0,1,0,0,0
Cybianthus_peruvianus,0,1,0,1,0,1
Cybianthus_prieurii,0,0,0,0,0,1
Cybianthus_psychotriifolius,0,0,0,1,0,0
Cybianthus_regnelii,0,0,0,1,0,0
Cybistax_antisyphilitica,1,0,1,0,0,1
Cyclolobium_brasiliense,0,0,0,0,0,1
Cymbopetalum_brasiliense,0,0,0,0,0,1
Dahlstedtia_muehlbergiana,0,0,0,0,0,1
Dalbergia_brasiliensis,0,0,0,0,0,1
Dalbergia_cearensis,0,0,0,0,1,0
Dalbergia_foliolosa,0,1,1,1,1,1
Dalbergia_glaucescens,1,0,0,1,0,0
Dalbergia_miscolobium,1,0,0,0,0,0
Dalbergia_nigra,0,0,0,0,0,1
Dalbergia_villosa,0,1,1,0,0,1
Daphnopsis_brasiliensis,0,1,0,0,0,1
Daphnopsis_coriacea,0,1,0,1,0,1
Daphnopsis_fasciculata,1,1,1,1,0,1
Daphnopsis_racemosa,0,0,0,0,0,1
Daphnopsis_utilis,0,1,0,1,0,1
Dasyphyllum_brasiliense,0,1,0,1,0,1
Dasyphyllum_spinescens,0,0,0,1,0,0
Davilla_elliptica,1,0,0,0,0,0
Davilla_grandiflora,1,0,0,0,0,0
Deguelia_costata,0,0,1,0,0,1
Deguelia_hatschbachii,0,1,0,0,0,0
Dendropanax_cuneatus,0,0,1,1,0,1
Dicksonia_sellowiana,0,1,0,1,0,1
Dictyoloma_vandellianum,0,1,1,1,0,1
Dilodendron_bipinnatum,1,0,0,0,1,1
Dimorphandra_exaltata,0,0,0,0,0,1
Dimorphandra_mollis,1,0,0,0,0,0
Diospyros_hispida,1,0,1,0,1,1
Diospyros_inconstans,0,0,1,0,1,1
Diospyros_ketun,0,0,0,0,0,1
Diospyros_sericea,1,0,1,1,0,1
Diplotropis_ferruginea,0,0,0,1,0,1
Dipteryx_alata,0,0,0,0,1,0
Diptychandra_aurantiaca,1,0,0,0,0,0
Dodonaea_viscosa,1,0,0,1,0,1
Drimys_brasiliensis,1,1,0,1,0,1
Duguetia_lanceolata,0,0,1,0,0,1
Dulacia_pauciflora,0,0,0,0,0,1
Emmotum_nitens,1,0,1,1,0,1
Endlicheria_glomerata,0,0,0,0,0,1
Endlicheria_paniculata,0,1,1,1,0,1
Enterolobium_contortisiliquum,0,0,1,0,1,1
Enterolobium_gummiferum,1,0,0,0,0,0
Eremanthus_brevifolius,0,0,0,1,0,0
Eremanthus_capitatus,1,0,0,0,0,1
Eremanthus_crotonoides,1,0,0,0,0,1
Eremanthus_elaeagnus,1,0,0,1,0,1
Eremanthus_erythropappus,1,1,0,1,0,1
Eremanthus_glomerulatus,1,1,1,1,0,1
Eremanthus_goyazensis,1,0,0,0,0,0
Eremanthus_incanus,1,1,0,1,0,1
Eremanthus_mattogrossensis,1,0,0,0,0,0
Eremanthus_polycephalus,1,0,0,0,0,0
Eriotheca_candolleana,0,0,1,0,0,1
Eriotheca_gracilipes,1,0,0,0,0,0
Eriotheca_macrophylla,0,0,0,0,0,1
Eriotheca_parvifolia,1,0,0,0,0,0
Eriotheca_pubescens,1,0,0,0,0,0
Erythrina_crista.galli,1,1,0,0,0,0
Erythrina_falcata,0,1,0,0,0,1
Erythrina_speciosa,0,1,0,0,0,1
Erythrina_velutina,0,0,0,0,1,0
Erythrina_verna,0,0,0,0,0,1
Erythroxylum_amplifolium,1,1,0,1,0,1
Erythroxylum_buxus,0,0,0,0,0,1
Erythroxylum_citrifolium,0,0,1,0,1,1
Erythroxylum_cuneifolium,0,1,0,1,1,1
Erythroxylum_daphnites,1,0,1,0,0,1
Erythroxylum_deciduum,1,0,1,0,0,1
Erythroxylum_frangulifolium,0,0,0,1,0,0
Erythroxylum_maracasense,1,0,0,0,0,0
Erythroxylum_pelleterianum,0,0,1,1,1,1
Erythroxylum_pulchrum,0,0,0,0,0,1
Erythroxylum_revolutum,0,0,0,0,1,0
Erythroxylum_suberosum,1,0,0,0,0,0
Erythroxylum_subracemosum,1,0,1,0,1,0
Erythroxylum_subrotundum,1,0,0,0,0,1
Erythroxylum_tortuosum,1,0,0,0,0,0
Escallonia_chlorophylla,1,1,0,1,0,0
Escallonia_hispida,1,1,0,1,0,0
Esenbeckia_febrifuga,0,1,1,0,0,1
Esenbeckia_grandiflora,1,1,1,1,0,1
Esenbeckia_irwiniana,1,0,0,1,0,0
Esenbeckia_pilocarpoides,0,0,0,0,0,1
Eugenia_acutata,0,0,1,1,0,1
Eugenia_adenantha,0,0,0,0,0,1
Eugenia_aurata,1,0,0,0,1,0
Eugenia_beaurepairiana,0,0,0,1,0,1
Eugenia_brasiliensis,0,1,0,1,0,1
Eugenia_candolleana,0,0,0,0,0,1
Eugenia_capparidifolia,1,1,0,1,0,1
Eugenia_cerasiflora,0,1,0,0,0,1
Eugenia_chlorocarpa,1,1,0,0,0,0
Eugenia_complicata,1,0,0,0,0,0
Eugenia_cuprea,0,0,0,0,0,1
Eugenia_dodonaeifolia,0,1,0,1,0,1
Eugenia_dysenterica,1,0,0,0,0,0
Eugenia_egensis,0,0,0,0,0,1
Eugenia_ellipsoidea,0,1,0,1,0,0
Eugenia_espinhacensis,1,1,0,0,0,0
Eugenia_excelsa,0,0,0,1,0,1
Eugenia_flavescens,0,0,0,0,0,1
Eugenia_florida,1,1,1,1,1,1
Eugenia_francavilleana,0,0,1,1,0,1
Eugenia_hiemalis,1,1,1,1,0,1
Eugenia_involucrata,0,1,1,1,0,1
Eugenia_itajurensis,0,0,0,1,0,1
Eugenia_klotzschiana,1,0,0,0,0,0
Eugenia_lagoensis,0,0,0,0,1,0
Eugenia_lambertiana,0,0,0,0,0,1
Eugenia_laruotteana,1,1,0,1,0,1
Eugenia_ligustrina,0,1,0,1,0,1
Eugenia_longipedunculata,0,1,0,1,0,0
Eugenia_luschnathiana,0,0,0,0,0,1
Eugenia_macrosperma,0,0,0,0,0,1
Eugenia_modesta,0,1,1,1,0,1
Eugenia_myrcianthes,0,0,0,1,0,0
Eugenia_neoformosa,0,1,0,0,0,1
Eugenia_nutans,0,1,0,1,0,1
Eugenia_pantagensis,0,0,0,1,0,0
Eugenia_pia,0,0,0,1,0,0
Eugenia_pisiformis,0,1,0,0,0,0
Eugenia_pluriflora,0,0,0,0,0,1
Eugenia_prasina,0,1,1,1,0,1
Eugenia_punicifolia,1,0,1,1,1,1
Eugenia_pyriformis,0,1,0,1,0,1
Eugenia_sonderiana,1,1,1,1,0,1
Eugenia_sphenophylla,0,1,0,0,0,1
Eugenia_sprengelii,0,0,0,1,0,0
Eugenia_stictopetala,1,0,0,0,1,0
Eugenia_strictissima,0,0,0,1,0,0
Eugenia_suberosa,0,0,0,1,0,0
Eugenia_subterminalis,0,1,1,1,1,1
Eugenia_tenuipedunculata,0,0,0,1,0,1
Eugenia_uniflora,0,0,0,0,0,1
Eugenia_vernicosa,0,0,0,0,0,1
Eugenia_vetula,1,0,0,0,0,0
Eugenia_viridiflora,0,0,0,1,0,0
Eugenia_widgrenii,0,0,0,0,0,1
Euplassa_inaequalis,1,0,0,0,0,0
Euplassa_incana,0,0,0,1,0,1
Euplassa_legalis,0,1,1,0,0,1
Euplassa_rufa,0,1,0,0,0,1
Euplassa_semicostata,1,1,0,1,0,0
Euterpe_edulis,0,1,0,1,0,1
Exellodendron_gardneri,1,0,0,0,0,0
Faramea_hyacinthina,0,1,1,1,0,1
Faramea_latifolia,0,0,1,0,0,1
Faramea_martiana,0,0,0,0,0,1
Faramea_montevidensis,0,0,0,0,0,1
Faramea_multiflora,0,0,0,0,0,1
Faramea_nigrescens,0,1,1,1,0,1
Faramea_stipulacea,1,0,0,0,0,0
Ferdinandusa_edmundoi,0,0,0,0,0,1
Ferdinandusa_elliptica,0,0,1,0,0,0
Ferdinandusa_speciosa,1,0,1,1,0,0
Ficus_adhatodifolia,0,1,1,0,0,1
Ficus_calyptroceras,0,0,1,1,1,1
Ficus_castellviana,0,0,0,0,0,1
Ficus_catappifolia,0,0,0,1,0,0
Ficus_citrifolia,0,0,0,0,0,1
Ficus_crocata,0,0,0,0,0,1
Ficus_enormis,0,1,0,1,0,1
Ficus_eximia,0,0,1,1,0,1
Ficus_gomelleira,0,0,0,0,0,1
Ficus_lagoensis,0,0,0,0,0,1
Ficus_laureola,1,1,1,1,0,1
Ficus_luschnathiana,0,0,0,0,0,1
Ficus_nymphaeifolia,0,0,0,0,0,1
Ficus_obtusifolia,0,0,1,0,1,1
Ficus_obtusiuscula,0,0,1,0,0,1
Ficus_pertusa,0,1,1,0,0,1
Fridericia_bahiensis,0,0,0,0,1,0
Galipea_ciliata,1,0,0,0,0,0
Galipea_jasminiflora,0,0,1,0,0,1
Gallesia_integrifolia,0,0,0,0,0,1
Garcinia_gardneriana,0,1,1,0,0,1
Gaultheria_eriophylla,1,1,0,1,0,0
Gaylussacia_brasiliensis,1,1,0,1,0,0
Gaylussacia_montana,1,1,0,1,0,0
Gaylussacia_oleifolia,0,1,0,1,0,0
Gaylussacia_pseudogaultheria,1,1,0,1,0,0
Gaylussacia_salicifolia,1,1,0,1,0,0
Geissanthus_ambiguus,0,0,1,0,0,0
Geissospermum_laeve,0,1,0,0,0,0
Genipa_americana,0,0,1,0,0,1
Genipa_infundibuliformis,0,0,0,0,0,1
Geonoma_pohliana,0,1,1,1,0,1
Geonoma_schottiana,0,1,0,1,0,1
Gonatogyne_brasiliensis,0,0,1,0,0,1
Gorceixia_decurrens,1,0,0,0,0,0
Griselinia_ruscifolia,0,1,0,0,0,0
Guadua_paniculata,0,0,1,0,0,1
Guadua_refracta,0,0,1,0,0,0
Guapira_areolata,0,0,1,0,0,1
Guapira_campestris,1,0,0,0,0,0
Guapira_graciliflora,1,1,1,1,1,1
Guapira_hirsuta,0,1,0,1,0,1
Guapira_noxia,1,0,0,0,0,0
Guapira_obtusata,1,0,0,1,0,0
Guapira_opposita,0,1,1,1,0,1
Guapira_tomentosa,1,1,0,1,0,0
Guarea_guidonia,0,0,1,0,0,1
Guarea_kunthiana,0,1,1,0,0,1
Guarea_macrophylla,0,1,1,1,0,1
Guatteria_australis,0,1,0,0,0,1
Guatteria_campestris,0,0,0,0,0,1
Guatteria_latifolia,0,1,0,0,0,0
Guatteria_notabilis,0,0,0,1,0,1
Guatteria_pogonopus,0,0,0,1,0,1
Guatteria_pohliana,0,1,0,1,0,0
Guatteria_rupestris,1,0,1,1,0,1
Guatteria_sellowiana,0,1,1,1,0,1
Guatteria_villosissima,0,1,1,0,0,1
Guazuma_ulmifolia,1,0,1,0,1,1
Guettarda_uruguensis,0,0,0,0,1,1
Guettarda_viburnoides,1,0,1,0,1,1
Gymnanthes_klotzschiana,0,1,1,0,0,1
Gymnanthes_schottiana,0,0,1,0,0,1
Hamelia_patens,0,0,0,0,1,0
Hancornia_speciosa,1,0,0,0,0,0
Handroanthus_albus,0,1,0,1,0,1
Handroanthus_bureavii,0,0,0,0,0,1
Handroanthus_chrysotrichus,0,1,0,1,0,1
Handroanthus_impetiginosus,0,0,0,1,1,0
Handroanthus_ochraceus,1,0,0,0,1,1
Handroanthus_serratifolius,0,0,1,0,0,1
Handroanthus_umbellatus,0,0,1,0,0,1
Handroanthus_vellosoi,0,0,1,1,0,1
Hedyosmum_brasiliense,1,1,1,1,0,1
Heisteria_ovata,0,0,1,0,0,0
Heisteria_silvianii,0,1,0,1,0,1
Helicostylis_tomentosa,0,0,0,0,0,1
Helicteres_brevispira,1,0,1,0,1,1
Helicteres_macropetala,0,0,0,1,0,0
Helicteres_ovata,0,1,0,1,0,1
Helietta_glaziovii,1,0,0,1,0,1
Hennecartia_omphalandra,0,1,0,0,0,0
Heterocoma_ekmaniana,1,0,0,0,0,0
Heterocoma_lanuginosa,1,0,0,0,0,0
Heteropterys_byrsonimifolia,1,0,1,0,0,1
Hieronyma_alchorneoides,0,0,1,1,0,1
Hieronyma_oblonga,0,0,0,0,0,1
Himatanthus_bracteatus,0,0,1,0,0,1
Himatanthus_drasticus,1,0,0,0,0,0
Himatanthus_obovatus,1,0,0,0,0,0
Hirtella_ciliata,0,0,0,0,0,1
Hirtella_floribunda,0,0,0,0,0,1
Hirtella_glandulosa,0,1,1,1,0,1
Hirtella_gracilipes,1,0,1,0,0,1
Hirtella_hebeclada,0,1,1,0,0,1
Hirtella_martiana,0,0,0,0,0,1
Hirtella_racemosa,0,0,1,0,0,0
Holocalyx_balansae,0,0,0,0,0,1
Hololepis_pedunculata,1,0,0,0,0,0
Hortia_brasiliana,0,0,0,0,0,1
Huberia_laurina,0,1,0,1,0,1
Huberia_piranii,0,1,0,1,0,1
Huberia_semiserrata,0,0,0,0,0,1
Humiria_balsamifera,1,0,0,1,0,1
Humiriastrum_dentatum,0,0,0,0,0,1
Humiriastrum_glaziovii,0,1,0,1,0,1
Hymenaea_courbaril,0,0,1,0,0,1
Hymenaea_martiana,0,0,1,0,1,0
Hymenaea_stigonocarpa,1,0,0,0,0,0
Hymenolobium_janeirense,0,0,0,0,0,1
Hyptidendron_asperrimum,0,1,0,1,0,1
Hyptidendron_canum,1,0,0,0,0,0
Hyptidendron_claussenii,1,0,0,0,0,0
Ilex_affinis,1,1,1,1,0,1
Ilex_asperula,1,0,0,0,0,0
Ilex_brasiliensis,0,1,0,1,0,1
Ilex_cerasifolia,0,1,1,0,0,1
Ilex_conocarpa,1,0,1,1,0,1
Ilex_dumosa,1,1,0,1,0,1
Ilex_grandis,0,1,0,0,0,0
Ilex_lundii,1,1,1,1,0,1
Ilex_microdonta,1,0,0,0,0,0
Ilex_oligoneura,1,1,0,0,0,0
Ilex_paraguariensis,0,1,0,1,0,1
Ilex_pseudobuxus,1,1,0,1,0,0
Ilex_pseudovaccinium,0,1,0,1,0,0
Ilex_sapotifolia,0,0,0,0,0,1
Ilex_taubertiana,0,0,0,1,0,0
Ilex_theezans,1,1,0,1,0,1
Inga_barbata,0,1,0,1,0,0
Inga_capitata,0,0,0,0,0,1
Inga_ciliata,0,0,0,1,0,0
Inga_congesta,0,0,0,1,0,0
Inga_cylindrica,0,0,1,1,0,1
Inga_flagelliformis,0,1,0,1,0,1
Inga_ingoides,0,0,1,0,0,1
Inga_lanceifolia,0,1,0,0,0,0
Inga_laurina,0,1,1,1,0,1
Inga_marginata,0,1,1,1,0,1
Inga_platyptera,0,0,0,0,0,1
Inga_schinifolia,0,1,0,1,0,0
Inga_sellowiana,0,1,0,0,0,0
Inga_sessilis,0,1,0,1,0,1
Inga_striata,0,0,0,0,0,1
Inga_subnuda,0,1,0,0,0,1
Inga_vera,0,0,1,0,0,1
Inga_vulpina,0,1,0,1,0,1
Inga_ynga,0,1,0,0,0,1
Ixora_brevifolia,0,0,1,0,0,1
Ixora_gardneriana,0,0,0,0,0,1
Ixora_venulosa,0,1,0,1,0,1
Jacaranda_brasiliana,1,0,1,0,0,1
Jacaranda_caroba,1,0,0,0,0,0
Jacaranda_cuspidifolia,0,0,0,0,0,1
Jacaranda_jasminoides,1,0,0,0,0,0
Jacaranda_macrantha,0,0,0,0,0,1
Jacaranda_puberula,0,0,0,0,0,1
Jacaranda_pulcherrima,0,1,0,1,0,0
Jacaratia_heptaphylla,0,0,0,0,0,1
Jatropha_curcas,0,0,0,1,1,0
Joannesia_princeps,0,0,0,0,0,1
Kerianthera_longiflora,0,0,0,0,0,1
Kielmeyera_altissima,0,1,0,0,0,1
Kielmeyera_appariciana,0,0,0,1,0,1
Kielmeyera_bifaria,0,0,0,0,0,1
Kielmeyera_coriacea,1,0,0,0,0,0
Kielmeyera_grandiflora,1,0,0,0,0,0
Kielmeyera_lathrophyton,0,0,1,1,0,1
Kielmeyera_petiolaris,1,0,0,1,0,0
Kielmeyera_rosea,1,0,0,0,0,1
Kielmeyera_rubriflora,1,0,0,0,0,0
Kielmeyera_speciosa,1,0,0,0,0,0
Koanophyllon_tinctorium,0,1,0,1,0,0
Lacistema_hasslerianum,0,0,1,0,0,1
Lacistema_pubescens,0,0,0,0,0,1
Ladenbergia_hexandra,0,0,0,0,0,1
Lafoensia_pacari,1,1,1,1,0,1
Lafoensia_vandelliana,1,0,0,0,0,1
Lamanonia_cuneata,1,0,0,0,0,0
Lamanonia_grandistipularis,0,1,0,1,0,0
Lamanonia_ternata,0,1,1,1,0,1
Laplacea_fruticosa,1,1,0,1,0,1
Lavoisiera_punctata,0,0,0,1,0,0
Leandra_acutiflora,0,1,0,1,0,0
Leandra_amplexicaulis,0,1,0,1,0,0
Leandra_aurea,1,1,1,1,0,1
Leandra_carassana,0,1,0,1,0,0
Leandra_crenata,0,0,0,1,0,0
Leandra_fragilis,0,1,0,1,0,0
Leandra_melastomoides,0,1,0,1,0,1
Leandra_quinquedentata,0,1,0,1,0,1
Leandra_quinquenodis,0,0,1,0,0,0
Leandra_regnellii,0,0,0,0,0,1
Leandra_sylvestris,0,0,0,1,0,0
Leandra_umbellata,0,1,0,1,0,0
Leandra_variabilis,0,0,0,0,0,1
Lecythis_lanceolata,0,0,0,0,0,1
Lecythis_pisonis,0,0,0,0,0,1
Leptolobium_brachystachyum,1,0,0,1,0,0
Leptolobium_dasycarpum,1,0,0,0,0,0
Leucochloron_incuriale,0,0,1,0,0,1
Leucochloron_limae,0,0,0,0,1,0
Licania_apetala,0,0,1,0,0,1
Licania_belemii,0,0,0,0,0,1
Licania_dealbata,1,0,0,0,0,0
Licania_hoehnei,0,0,1,0,0,1
Licania_humilis,1,0,0,0,0,1
Licania_kunthiana,0,0,1,0,0,1
Licania_nitida,0,0,0,1,0,0
Licania_octandra,0,1,0,1,0,1
Licania_riedelii,0,1,0,1,0,1
Licania_rigida,0,0,0,1,0,0
Licania_sclerophylla,0,0,0,0,0,1
Licaria_armeniaca,0,0,0,0,0,1
Licaria_guianensis,0,0,0,1,0,1
Lithrea_molleoides,1,0,1,0,1,1
Lonchocarpus_cultratus,0,0,1,0,0,1
Lonchocarpus_sericeus,0,0,0,0,1,0
Luehea_candicans,0,0,1,0,1,1
Luehea_divaricata,0,1,1,0,0,1
Luehea_grandiflora,1,0,1,0,0,1
Luehea_ochrophylla,0,0,0,0,0,1
Luehea_paniculata,1,0,0,0,1,0
Luetzelburgia_auriculata,0,0,0,0,1,0
Luxemburgia_corymbosa,1,1,0,0,0,0
Lychnophora_crispa,1,0,0,0,0,0
Lychnophora_diamantinana,1,0,0,0,0,0
Lychnophora_ericoides,1,0,0,0,0,0
Lychnophora_gardneri,1,0,0,0,0,0
Lychnophora_granmogolensis,1,0,0,0,0,0
Lychnophora_markgravii,1,0,0,0,0,0
Lychnophora_martiana,1,0,0,0,0,0
Lychnophora_mello.barretoi,1,0,0,0,0,0
Lychnophora_pinaster,1,0,0,0,0,0
Lychnophora_pohlii,1,0,0,0,0,0
Lychnophora_reticulata,1,0,0,0,0,0
Lychnophora_rosmarinifolia,1,0,0,0,0,0
Lychnophora_rupestris,1,0,0,0,0,0
Lychnophora_salicifolia,1,0,0,0,0,0
Lychnophora_sellowii,1,0,0,0,0,0
Lychnophora_souzae,1,0,0,0,0,0
Lychnophora_staavioides,1,0,0,0,0,0
Lychnophora_syncephala,1,0,0,0,0,0
Lychnophora_tomentosa,1,0,0,0,0,0
Lychnophora_villosissima,1,0,0,0,0,0
Lychnophoriopsis_candelabrum,1,0,0,0,0,0
Lychnophoriopsis_damazioi,1,0,0,0,0,0
Lychnophoriopsis_hatschbachii,1,0,0,0,0,0
Mabea_fistulifera,1,0,0,1,0,1
Mabea_glaziovii,0,0,0,0,0,1
Machaerium_acutifolium,1,0,1,0,1,1
Machaerium_brasiliense,0,0,1,0,1,1
Machaerium_floridum,0,0,0,0,0,1
Machaerium_hirtum,0,0,1,0,1,1
Machaerium_nyctitans,0,1,0,1,0,1
Machaerium_opacum,1,0,0,0,0,0
Machaerium_ruddianum,0,0,0,0,0,1
Machaerium_scleroxylon,0,0,0,0,1,1
Machaerium_stipitatum,0,0,1,0,1,1
Machaerium_villosum,0,0,1,0,1,1
Maclura_tinctoria,0,0,1,0,1,1
Macropeplus_dentatus,0,1,0,1,0,0
Macropeplus_ligustrinus,1,1,0,1,0,1
Macropeplus_schwackeanus,1,1,0,1,0,0
Magnolia_ovata,0,1,1,1,0,1
Magonia_pubescens,1,0,0,0,1,0
Malouetia_cestroides,0,0,0,0,0,1
Manihot_caerulescens,1,0,0,1,1,1
Manihot_carthagenensis,0,0,0,0,1,0
Manihot_grahamii,0,0,0,0,0,1
Manihot_pilosa,0,1,0,1,0,1
Maprounea_brasiliensis,1,0,0,0,1,0
Maprounea_guianensis,0,0,1,0,0,1
Margaritaria_nobilis,0,0,1,0,0,1
Margaritopsis_astrellantha,0,0,0,0,0,1
Marlierea_angustifolia,0,1,0,1,0,0
Marlierea_clausseniana,0,1,1,1,0,1
Marlierea_excoriata,0,1,0,0,0,1
Marlierea_glabra,0,0,0,1,0,0
Marlierea_obscura,0,1,0,1,0,1
Marlierea_polygama,0,0,0,0,0,1
Marlierea_regeliana,0,0,0,0,0,1
Marlierea_rubiginosa,0,0,0,0,0,1
Matayba_elaeagnoides,0,1,1,1,0,1
Matayba_guianensis,1,0,1,0,0,1
Matayba_juglandifolia,0,1,0,0,0,1
Matayba_marginata,0,1,0,1,0,1
Matayba_mollis,1,1,1,1,0,1
Matayba_punctata,0,1,0,1,0,0
Mauritia_flexuosa,0,0,1,0,0,1
Maytenus_aquifolia,0,0,0,0,0,1
Maytenus_brasiliensis,0,0,0,0,0,1
Maytenus_communis,0,0,1,0,0,1
Maytenus_dasyclada,0,0,0,1,0,1
Maytenus_evonymoides,0,1,0,1,0,1
Maytenus_floribunda,0,0,1,0,1,1
Maytenus_gonoclada,0,1,1,1,0,1
Maytenus_imbricata,0,1,0,0,0,0
Maytenus_radlkoferiana,0,0,0,1,0,1
Maytenus_schumanniana,0,0,0,1,0,0
Melanoxylon_brauna,0,0,0,0,0,1
Meliosma_sellowii,0,0,0,1,0,1
Merianthera_eburnea,1,0,0,0,0,1
Merianthera_sipolisii,1,1,0,1,0,1
Metrodorea_mollis,1,0,0,0,0,0
Metrodorea_nigra,0,0,0,0,0,1
Metrodorea_stipularis,0,0,1,0,0,1
Miconia_affinis,0,0,0,0,0,1
Miconia_albicans,1,1,1,1,0,1
Miconia_baumgratziana,0,0,0,1,0,0
Miconia_brunnea,0,1,0,1,0,1
Miconia_budlejoides,0,0,0,0,0,1
Miconia_burchellii,1,0,0,0,0,0
Miconia_calvescens,0,0,1,0,0,1
Miconia_castaneiflora,0,0,0,1,0,0
Miconia_caudigera,1,0,0,1,0,1
Miconia_chamissois,1,1,1,1,0,1
Miconia_chartacea,0,1,1,1,0,1
Miconia_cinerascens,1,0,0,1,0,0
Miconia_cinnamomifolia,0,1,1,1,0,1
Miconia_corallina,1,1,0,1,0,0
Miconia_cubatanensis,0,1,0,1,0,1
Miconia_discolor,0,1,0,0,0,1
Miconia_dodecandra,0,0,1,1,0,1
Miconia_eichleri,0,0,0,1,0,0
Miconia_elegans,0,0,1,1,0,1
Miconia_fasciculata,0,1,0,0,0,1
Miconia_ferruginata,1,0,0,0,0,0
Miconia_flammea,1,0,0,1,0,1
Miconia_herpetica,0,0,0,1,0,0
Miconia_hirtella,0,1,1,1,0,1
Miconia_holosericea,0,0,0,1,0,1
Miconia_hyemalis,0,1,0,0,0,0
Miconia_inconspicua,0,1,0,0,0,1
Miconia_irwinii,1,0,0,1,0,0
Miconia_latecrenata,0,1,1,1,0,1
Miconia_lepidota,0,0,0,1,0,1
Miconia_ligustroides,1,1,0,1,0,1
Miconia_lymanii,1,1,0,0,0,0
Miconia_macrothyrsa,1,0,0,0,0,0
Miconia_mellina,0,0,0,1,0,1
Miconia_minutiflora,0,1,1,1,0,1
Miconia_paniculata,0,0,0,0,0,1
Miconia_paucidens,1,0,0,0,0,0
Miconia_pepericarpa,0,1,1,1,0,1
Miconia_petropolitana,0,1,0,0,0,1
Miconia_prasina,0,0,0,1,0,1
Miconia_pulchra,0,0,0,1,0,0
Miconia_pusilliflora,0,1,1,1,0,1
Miconia_racemifera,0,0,0,0,0,1
Miconia_rimalis,0,1,0,1,0,1
Miconia_rubiginosa,1,0,0,0,0,0
Miconia_sclerophylla,1,1,0,1,0,1
Miconia_sellowiana,1,1,1,1,0,1
Miconia_shepherdii,0,1,0,1,0,0
Miconia_stenostachya,1,0,0,0,0,0
Miconia_tentaculifera,0,1,0,1,0,1
Miconia_theizans,1,1,1,1,0,1
Miconia_trianae,0,1,0,1,0,1
Miconia_tristis,0,1,0,0,0,1
Miconia_urophylla,0,1,0,1,0,1
Miconia_valtheri,0,1,0,1,0,1
Miconia_willdenowii,0,1,0,1,0,1
Micropholis_gardneriana,0,1,1,0,0,1
Micropholis_gnaphaloclados,0,0,0,1,0,1
Micropholis_venulosa,0,0,1,0,0,1
Mimosa_arenosa,1,0,0,0,0,1
Mimosa_artemisiana,1,0,0,0,0,0
Mimosa_bimucronata,0,1,0,1,0,0
Mimosa_claussenii,1,0,0,0,0,0
Mimosa_gemmulata,1,0,0,0,0,1
Mimosa_laticifera,1,0,0,0,0,0
Mimosa_myuros,1,0,0,0,0,0
Mimosa_ophthalmocentra,1,0,0,0,0,0
Mimosa_perplicata,0,0,0,1,0,0
Mimosa_pithecolobioides,1,0,0,0,0,0
Mimosa_pteridifolia,0,0,0,1,0,0
Mimosa_scabrella,1,1,0,1,0,0
Moldenhawera_emarginata,1,0,0,1,0,0
Mollinedia_argyrogyna,0,1,1,1,0,1
Mollinedia_fruticulosa,1,0,0,1,0,0
Mollinedia_micrantha,0,0,0,1,0,1
Mollinedia_ovata,0,0,0,1,0,1
Mollinedia_schottiana,0,1,0,1,0,1
Mollinedia_triflora,0,1,0,1,0,1
Mollinedia_widgrenii,0,1,1,1,0,1
Molopanthera_paniculata,0,0,0,1,0,1
Moquinia_racemosa,1,1,0,1,0,1
Moquiniastrum_blanchetianum,1,1,0,1,0,0
Moquiniastrum_floribundum,1,0,0,0,0,0
Moquiniastrum_hatschbachii,1,0,0,0,0,0
Moquiniastrum_paniculatum,1,0,0,0,0,0
Moquiniastrum_polymorphum,1,0,1,1,0,1
Moquiniastrum_pulchrum,1,0,0,0,0,0
Mouriri_chamissoana,0,0,0,0,0,1
Mouriri_elliptica,1,0,0,0,0,0
Mouriri_glazioviana,0,0,1,0,0,1
Mouriri_pusa,1,0,0,0,0,0
Muellera_campestris,0,0,0,0,0,1
Muellera_leptobotrys,0,0,0,0,0,1
Muellera_longiunguiculata,0,0,0,1,0,1
Muellera_montana,0,0,0,0,1,0
Muellera_obtusa,1,0,0,0,0,0
Myracrodruon_urundeuva,0,0,0,0,1,0
Myrceugenia_acutiflora,1,1,0,0,0,0
Myrceugenia_alpigena,1,1,1,1,0,1
Myrceugenia_bracteosa,0,1,0,1,0,0
Myrceugenia_brevipedicellata,0,0,0,1,0,0
Myrceugenia_miersiana,0,1,0,1,0,0
Myrceugenia_myrcioides,0,1,0,0,0,0
Myrceugenia_oxysepala,0,1,0,0,0,0
Myrceugenia_pilotantha,0,0,0,0,0,1
Myrcia_amazonica,0,1,1,1,0,1
Myrcia_anceps,0,1,0,0,0,1
Myrcia_bella,1,0,0,0,0,0
Myrcia_bicolor,0,0,0,0,0,1
Myrcia_blanchetiana,0,0,0,1,0,0
Myrcia_brunea,0,0,0,0,0,1
Myrcia_cordiifolia,0,0,0,0,0,1
Myrcia_crocea,0,1,0,0,0,1
Myrcia_eriocalyx,1,1,0,1,0,1
Myrcia_eriopus,0,1,1,1,0,1
Myrcia_fenzliana,1,1,1,1,0,1
Myrcia_gestasiana,0,0,0,1,0,0
Myrcia_glazioviana,0,1,0,0,0,0
Myrcia_guianensis,1,1,1,1,1,1
Myrcia_hartwegiana,0,1,0,1,0,0
Myrcia_hebepetala,0,1,0,1,0,1
Myrcia_jacobinensis,1,0,0,0,0,0
Myrcia_laruotteana,0,1,1,1,0,1
Myrcia_lutescens,0,1,1,1,0,0
Myrcia_mischophylla,1,1,0,1,0,1
Myrcia_montana,0,1,0,1,0,1
Myrcia_multiflora,1,1,1,1,0,1
Myrcia_multipunctata,1,1,0,1,0,1
Myrcia_mutabilis,1,1,1,1,0,1
Myrcia_nobilis,0,1,0,1,0,0
Myrcia_oblongata,0,0,0,0,0,1
Myrcia_obovata,0,1,1,1,0,1
Myrcia_palustris,0,1,0,0,0,0
Myrcia_perforata,0,0,0,1,0,1
Myrcia_pubescens,0,0,1,1,0,1
Myrcia_pubiflora,0,1,0,0,0,1
Myrcia_pubipetala,0,0,1,0,0,0
Myrcia_pulchra,0,1,0,1,0,1
Myrcia_racemulosa,1,0,0,0,0,0
Myrcia_reticulosa,0,0,0,1,0,0
Myrcia_retorta,1,1,1,1,0,1
Myrcia_splendens,1,1,1,1,1,1
Myrcia_subalpestris,1,1,0,0,0,1
Myrcia_subavenia,0,1,0,1,0,0
Myrcia_subcordata,0,1,0,1,0,0
Myrcia_subverticillaris,0,1,0,1,0,1
Myrcia_tenuifolia,0,0,0,1,0,0
Myrcia_tomentosa,1,1,1,1,1,1
Myrcia_variabilis,1,0,1,1,0,0
Myrcia_vauthiereana,1,1,0,1,0,0
Myrcia_vellozoi,0,0,0,0,0,1
Myrcia_venulosa,1,1,1,1,0,1
Myrcia_vestita,1,0,0,0,0,0
Myrcianthes_pungens,0,0,0,1,1,1
Myrciaria_cuspidata,0,1,0,1,0,1
Myrciaria_delicatula,0,1,1,1,0,0
Myrciaria_disticha,0,0,0,1,0,0
Myrciaria_floribunda,1,1,1,1,1,1
Myrciaria_glanduliflora,0,1,0,1,0,1
Myrciaria_glomerata,0,0,0,0,0,1
Myrciaria_pilosa,0,0,0,0,0,1
Myrciaria_tenella,0,1,0,1,0,1
Myrocarpus_fastigiatus,0,0,0,1,0,1
Myrocarpus_frondosus,0,0,0,0,0,1
Myroxylon_peruiferum,0,0,1,1,0,1
Myrsine_coriacea,1,1,1,1,0,1
Myrsine_emarginella,1,1,0,1,0,0
Myrsine_gardneriana,0,1,1,1,0,1
Myrsine_guianensis,1,0,0,0,0,0
Myrsine_lancifolia,0,1,0,1,0,0
Myrsine_leuconeura,0,1,1,0,0,0
Myrsine_lineata,1,1,0,1,0,0
Myrsine_matensis,0,0,0,0,0,1
Myrsine_monticola,0,1,1,1,0,1
Myrsine_squarrosa,1,1,0,1,0,0
Myrsine_umbellata,1,1,1,1,0,1
Myrsine_venosa,0,1,0,1,0,1
Myrsine_villosissima,1,1,0,1,0,1
Naucleopsis_oblongifolia,0,0,0,0,0,1
Nectandra_cissiflora,0,0,1,1,0,1
Nectandra_gardneri,0,0,0,0,0,1
Nectandra_grandiflora,0,1,0,1,0,1
Nectandra_lanceolata,0,1,0,0,0,1
Nectandra_leucantha,0,0,0,1,0,0
Nectandra_megapotamica,0,0,1,0,0,1
Nectandra_membranacea,0,0,0,0,0,1
Nectandra_nitidula,0,1,0,1,0,1
Nectandra_oppositifolia,0,1,1,0,0,1
Nectandra_psammophila,0,1,0,0,0,0
Nectandra_puberula,0,0,0,1,0,1
Nectandra_reticulata,0,0,0,1,0,1
Nectandra_venulosa,0,0,0,1,0,0
Nectandra_warmingii,0,1,1,1,0,1
Neea_floribunda,0,0,0,0,0,1
Neea_theifera,1,0,0,0,0,0
Neocabreria_mexiae,0,0,0,0,0,1
Neocabreria_pennivenia,1,1,0,0,0,0
Ocotea_aciphylla,0,1,0,0,0,1
Ocotea_acutifolia,0,0,0,1,0,1
Ocotea_adamantina,0,1,0,1,0,0
Ocotea_beyrichii,0,1,0,0,0,1
Ocotea_bicolor,0,0,0,0,0,1
Ocotea_brachybotrya,0,1,0,0,0,1
Ocotea_caesia,0,1,0,0,0,0
Ocotea_calliscypha,0,1,0,0,0,1
Ocotea_citrosmoides,0,0,0,1,0,1
Ocotea_corymbosa,1,1,1,1,0,1
Ocotea_daphnifolia,0,0,0,1,0,0
Ocotea_diospyrifolia,0,1,1,1,0,1
Ocotea_dispersa,0,1,0,0,0,1
Ocotea_divaricata,0,1,0,0,0,1
Ocotea_felix,0,1,0,1,0,1
Ocotea_floribunda,0,0,1,0,0,0
Ocotea_glauca,0,1,0,1,0,1
Ocotea_glaziovii,0,0,0,0,0,1
Ocotea_glomerata,0,0,0,0,0,1
Ocotea_grandifructa,0,0,0,0,0,1
Ocotea_hypoglauca,0,1,0,1,0,0
Ocotea_indecora,0,1,0,1,0,1
Ocotea_lancifolia,0,1,0,1,0,1
Ocotea_langsdorffii,1,0,0,1,0,0
Ocotea_laxa,0,0,0,1,0,1
Ocotea_longifolia,0,0,0,0,0,1
Ocotea_mandioccana,0,1,0,0,0,0
Ocotea_microbotrys,0,1,0,0,0,0
Ocotea_minarum,1,1,0,1,0,1
Ocotea_nectandrifolia,0,0,0,1,0,0
Ocotea_nitida,0,0,0,0,0,1
Ocotea_notata,0,1,0,1,0,1
Ocotea_nutans,0,1,0,1,0,1
Ocotea_odorifera,0,1,0,1,0,1
Ocotea_oppositifolia,0,1,0,1,0,0
Ocotea_percoriacea,1,1,0,1,0,1
Ocotea_polyantha,1,0,0,0,0,0
Ocotea_pomaderroides,1,1,0,1,0,1
Ocotea_puberula,0,1,0,1,0,1
Ocotea_pulchella,1,0,1,1,0,1
Ocotea_sassafras,0,1,0,0,0,1
Ocotea_semicompleta,1,1,0,1,0,0
Ocotea_silvestris,0,0,0,0,0,1
Ocotea_spectabilis,0,1,0,1,0,0
Ocotea_spixiana,1,1,1,1,0,1
Ocotea_tabacifolia,0,1,0,1,0,0
Ocotea_teleiandra,0,1,0,0,0,0
Ocotea_tenuiflora,0,1,0,0,0,1
Ocotea_tristis,1,1,0,1,0,1
Ocotea_urbaniana,0,0,0,0,0,1
Ocotea_vaccinioides,1,1,0,0,0,1
Ocotea_velloziana,0,1,1,1,0,1
Ocotea_velutina,0,1,0,0,0,1
Ocotea_virgultosa,0,1,0,0,0,0
Ocotea_xanthocalyx,0,1,0,1,0,1
Opuntia_monacantha,1,0,0,0,0,1
Oreopanax_capitatus,0,0,0,1,0,0
Ormosia_altimontana,0,0,0,1,0,0
Ormosia_arborea,0,0,0,0,0,1
Ormosia_fastigiata,0,0,0,0,0,1
Ormosia_friburgensis,0,1,0,0,0,0
Ossaea_cogniauxii,0,0,0,0,0,1
Ossaea_marginata,0,0,0,1,0,1
Ouratea_castaneifolia,0,0,1,1,0,1
Ouratea_glaucescens,1,0,0,0,0,0
Ouratea_hexasperma,1,0,0,0,0,1
Ouratea_parviflora,0,1,0,0,0,1
Ouratea_polygyna,0,0,0,0,0,1
Ouratea_salicifolia,0,1,1,1,0,1
Ouratea_semiserrata,0,1,1,1,0,1
Ouratea_spectabilis,1,0,0,0,0,1
Oxandra_martiana,0,0,0,0,0,1
Oxandra_reticulata,0,0,0,0,1,0
Pachystroma_longifolium,0,0,0,0,0,1
Palicourea_calophylla,0,0,0,1,0,0
Palicourea_crocea,0,0,0,0,0,1
Palicourea_croceoides,0,0,0,0,0,1
Palicourea_macrobotrys,0,0,0,1,0,0
Palicourea_rigida,1,0,0,0,0,0
Palicourea_sessilis,0,1,1,1,0,1
Panopsis_multiflora,0,1,0,1,0,1
Paralychnophora_bicolor,1,1,0,1,0,0
Paralychnophora_glaziouana,1,0,0,0,0,0
Paratecoma_peroba,0,0,0,0,0,1
Parinari_brasiliensis,0,0,0,1,0,0
Parinari_obtusifolia,1,0,0,0,0,0
Pavonia_malacophylla,1,0,0,0,0,1
Pavonia_malvaviscoides,1,0,0,1,0,0
Peltophorum_dubium,0,0,1,0,1,1
Pera_anisotricha,0,0,0,1,0,1
Pera_furfuracea,0,0,0,0,0,1
Pera_glabrata,1,1,1,0,0,1
Pera_heteranthera,0,0,0,0,0,1
Pereskia_grandifolia,0,0,0,0,0,1
Peritassa_flaviflora,0,0,0,0,0,1
Persea_alba,1,1,0,1,0,1
Persea_aurata,0,0,0,1,0,0
Persea_fulva,0,1,0,1,0,1
Persea_major,0,1,0,1,0,1
Persea_pedunculosa,1,1,0,1,0,0
Persea_rufotomentosa,0,1,1,1,0,1
Persea_splendens,0,0,0,1,0,0
Persea_venosa,0,1,0,1,0,1
Persea_willdenovii,0,1,0,1,0,1
Phyllanthus_acuminatus,0,0,1,0,1,0
Phyllostemonodaphne_geminiflora,0,0,0,1,0,1
Phytolacca_dioica,0,0,0,1,0,0
Picramnia_ciliata,1,0,0,0,0,0
Picramnia_glazioviana,0,1,1,1,0,1
Picramnia_parvifolia,0,0,0,0,0,1
Picramnia_ramiflora,0,0,0,0,0,1
Picramnia_sellowii,0,0,1,1,0,1
Picrasma_crenata,0,0,0,0,0,1
Pilocarpus_giganteus,0,0,0,0,0,1
Pilocarpus_pennatifolius,0,1,0,0,0,0
Pilosocereus_aurisetus,1,0,0,1,0,0
Pilosocereus_brasiliensis,1,0,0,0,0,0
Pilosocereus_floccosus,0,0,0,0,1,1
Pilosocereus_fulvilanatus,0,0,0,0,0,1
Pimenta_pseudocaryophyllus,1,1,1,1,0,1
Piper_aduncum,0,1,1,1,0,1
Piper_amalago,0,1,1,0,1,1
Piper_arboreum,0,1,1,1,0,1
Piper_cernuum,0,1,1,1,0,1
Piper_crassinervium,0,0,0,0,0,1
Piper_hispidum,0,0,1,1,0,1
Piper_macedoi,0,1,1,1,0,1
Piper_mollicomum,0,1,1,1,0,1
Piper_richardiifolium,0,0,0,1,0,1
Piper_rivinoides,0,0,0,0,0,1
Piper_tectoniifolium,0,1,0,1,0,1
Piper_tuberculatum,0,0,0,1,0,0
Piptadenia_gonoacantha,0,0,0,0,1,1
Piptadenia_macradenia,1,0,1,0,0,0
Piptadenia_paniculata,0,0,0,0,0,1
Piptocarpha_axillaris,0,1,0,1,0,0
Piptocarpha_macropoda,0,1,1,1,0,1
Piptocarpha_regnellii,0,1,0,0,0,0
Piptocarpha_rotundifolia,1,0,0,0,0,0
Piptolepis_monticola,1,0,0,1,0,0
Pisonia_zapallo,0,0,0,1,0,1
Pityrocarpa_moniliformis,1,0,0,0,0,0
Plathymenia_reticulata,1,0,1,0,0,1
Platycyamus_regnellii,0,0,1,0,0,1
Platymiscium_floribundum,0,0,0,0,1,1
Platymiscium_pubescens,0,0,0,0,1,1
Platypodium_elegans,1,0,1,1,1,1
Plenckia_populnea,1,0,0,0,0,1
Pleroma_candolleanum,0,1,1,1,0,1
Pleroma_echinatum,1,1,0,1,0,0
Pleroma_fissinervium,0,1,0,1,0,1
Pleroma_fothergillii,0,1,0,1,0,1
Pleroma_foveolatum,1,1,0,1,0,0
Pleroma_stenocarpa,0,1,1,0,0,1
Plinia_cauliflora,0,1,1,0,0,1
Plinia_espinhacensis,0,0,0,1,0,1
Plinia_grandifolia,0,0,0,0,0,1
Plinia_peruviana,0,0,1,0,0,1
Plinia_pseudodichasiantha,0,0,0,1,0,0
Plinia_rivularis,0,0,0,0,0,1
Podocarpus_brasiliensis,0,0,0,1,0,0
Podocarpus_lambertii,1,0,0,1,0,0
Podocarpus_sellowii,1,1,1,1,0,0
Pogonophora_schomburgkiana,0,0,0,0,0,1
Posoqueria_acutifolia,0,1,0,1,0,1
Posoqueria_latifolia,0,1,1,1,0,1
Pourouma_guianensis,0,0,0,0,0,1
Pouteria_caimito,0,0,0,0,0,1
Pouteria_gardneri,0,0,1,0,1,1
Pouteria_gardneriana,0,0,1,0,0,1
Pouteria_grandiflora,0,0,0,0,0,1
Pouteria_guianensis,0,0,0,0,0,1
Pouteria_ramiflora,1,0,1,0,0,1
Pouteria_torta,1,0,1,0,0,1
Pouteria_venosa,0,0,0,0,0,1
Prockia_crucis,0,0,0,1,1,0
Protium_brasiliense,0,1,1,1,0,1
Protium_heptaphyllum,0,1,1,1,0,1
Protium_icicariba,0,0,0,0,0,1
Protium_ovatum,1,0,0,0,0,0
Protium_spruceanum,0,0,1,0,0,1
Protium_warmingianum,0,0,0,0,0,1
Protium_widgrenii,0,0,1,1,0,1
Prunus_myrtifolia,1,1,1,1,0,1
Pseudobombax_campestre,1,0,0,0,0,1
Pseudobombax_grandiflorum,0,0,1,0,0,1
Pseudobombax_longiflorum,1,0,0,0,0,0
Pseudobombax_marginatum,0,0,0,0,1,0
Pseudobombax_riopretensis,1,0,0,1,0,0
Pseudobombax_tomentosum,0,0,0,0,1,0
Pseudobrickellia_angustissima,1,1,0,1,0,1
Pseudolmedia_laevigata,0,0,1,0,0,0
Pseudopiptadenia_brenanii,0,0,0,0,1,1
Pseudopiptadenia_contorta,0,0,0,0,0,1
Pseudopiptadenia_leptostachya,0,0,0,0,0,1
Pseudopiptadenia_warmingii,0,0,0,1,0,1
Psidium_cattleianum,0,1,0,1,0,1
Psidium_guajava,1,0,0,0,0,1
Psidium_guineense,1,1,1,1,1,1
Psidium_myrsinites,1,0,0,0,0,0
Psidium_myrtoides,0,1,0,1,0,1
Psidium_oblongatum,0,1,0,0,0,1
Psidium_oligospermum,1,0,0,0,0,0
Psidium_robustum,0,1,0,1,0,0
Psidium_rufum,1,1,1,1,0,1
Psidium_sartorianum,0,0,0,0,0,1
Psychotria_carthagenensis,0,0,1,1,0,1
Psychotria_deflexa,0,0,0,0,0,1
Psychotria_forsteronioides,0,1,0,1,0,1
Psychotria_hastisepala,0,1,0,1,0,1
Psychotria_mapourioides,0,0,0,0,0,1
Psychotria_nemorosa,0,0,0,0,0,1
Psychotria_nuda,0,1,0,1,0,1
Psychotria_pallens,0,0,0,0,0,1
Psychotria_spathicalyx,0,0,0,0,0,1
Psychotria_subspathulata,0,0,0,1,0,1
Psychotria_suterella,0,1,0,1,0,1
Pterocarpus_violaceus,0,0,0,0,0,1
Pterodon_abruptus,1,0,0,0,0,0
Pterodon_apparicioi,0,1,1,1,0,1
Pterodon_emarginatus,1,0,1,0,1,1
Pterodon_pubescens,1,0,0,0,0,0
Pterogyne_nitens,0,0,1,0,1,1
Ptilochaeta_glabra,0,0,0,0,1,0
Qualea_cordata,1,1,1,1,0,1
Qualea_cryptantha,0,0,0,0,0,1
Qualea_densiflora,0,0,1,1,0,0
Qualea_dichotoma,1,0,1,1,0,1
Qualea_elegans,1,0,0,0,0,0
Qualea_glaziovii,0,0,0,0,0,1
Qualea_grandiflora,1,0,0,0,0,0
Qualea_lundii,1,1,0,0,0,1
Qualea_multiflora,1,0,1,0,0,1
Qualea_parviflora,1,0,0,0,0,0
Qualea_selloi,0,0,0,0,0,1
Quararibea_turbinata,0,0,0,0,0,1
Quiina_glaziovii,0,0,0,0,0,1
Quiina_magallano.gomesii,0,0,0,0,0,1
Ramisia_brasiliensis,0,0,0,0,0,1
Randia_armata,0,0,1,0,1,1
Randia_calycina,0,0,0,0,1,0
Rauvolfia_sellowii,0,0,1,0,0,1
Remijia_ferruginea,1,1,1,1,0,1
Rhamnidium_elaeocarpum,0,0,1,0,1,1
Rhamnidium_molle,0,0,0,0,1,0
Rhamnus_sphaerosperma,0,1,0,1,0,1
Rhodostemonodaphne_macrocalyx,0,0,0,0,0,1
Richeria_grandis,0,1,1,1,0,1
Roupala_longepetiolata,0,1,0,1,0,1
Roupala_meisneri,1,1,0,1,0,0
Roupala_montana,1,1,1,1,0,1
Rourea_induta,1,0,0,0,0,0
Rudgea_gardenioides,0,1,0,0,0,0
Rudgea_jacobinensis,1,0,0,0,0,0
Rudgea_jasminoides,0,1,0,1,0,1
Rudgea_nodosa,0,1,0,0,0,0
Rudgea_sessilis,0,1,0,1,0,1
Rudgea_viburnoides,1,0,0,0,1,0
Ruprechtia_laxiflora,0,0,0,0,0,1
Rustia_formosa,0,1,1,1,0,0
Sacoglottis_mattogrossensis,0,0,0,1,0,1
Salacia_crassifolia,1,0,0,0,0,0
Salacia_elliptica,0,0,1,0,0,1
Salix_humboldtiana,0,0,0,0,0,1
Salvertia_convallariodora,1,0,0,0,0,0
Sambucus_australis,1,0,0,1,0,1
Sapium_argutum,0,0,0,0,1,0
Sapium_glandulosum,1,1,1,1,1,1
Sapium_sellowianum,1,1,0,1,0,0
Sarcaulus_brasiliensis,0,0,0,0,0,1
Schefflera_angustissima,0,1,0,0,0,0
Schefflera_calva,0,1,1,1,0,1
Schefflera_longipetiolata,0,0,0,0,0,1
Schefflera_macrocarpa,1,0,0,0,0,0
Schefflera_morototoni,0,0,1,0,0,1
Schefflera_varisiana,1,1,0,1,0,0
Schefflera_villosissima,1,0,0,0,0,1
Schefflera_vinosa,1,0,1,0,0,0
Schinopsis_brasiliensis,0,0,0,0,1,0
Schinus_terebinthifolius,0,0,0,0,0,1
Schizocalyx_cuspidatus,0,0,0,0,0,1
Schoepfia_brasiliensis,0,0,0,0,0,1
Sebastiania_brasiliensis,0,0,1,0,1,1
Sebastiania_brevifolia,1,0,0,0,0,0
Seguieria_americana,0,0,0,0,1,0
Seguieria_langsdorffii,0,0,0,0,0,1
Senaea_coerulea,1,0,0,0,0,0
Senefeldera_verticillata,0,0,0,0,0,1
Senegalia_langsdorffii,1,0,1,0,0,1
Senegalia_polyphylla,1,0,1,0,1,1
Senegalia_riparia,0,0,0,0,1,1
Senegalia_tenuifolia,1,0,0,0,0,1
Senna_affinis,0,0,0,1,0,0
Senna_alata,0,1,1,0,1,1
Senna_aristeguietae,0,0,0,1,0,0
Senna_bacillaris,0,1,0,1,0,1
Senna_cana,1,1,0,1,0,1
Senna_corifolia,1,0,1,1,0,1
Senna_macranthera,1,1,1,0,1,1
Senna_multijuga,0,1,1,1,1,1
Senna_organensis,0,0,0,1,0,0
Senna_reniformis,1,1,0,1,0,1
Senna_rugosa,1,1,0,1,0,1
Senna_silvestris,1,0,0,0,0,1
Senna_spectabilis,1,0,0,0,1,0
Senna_velutina,1,0,0,0,0,0
Sessea_brasiliensis,0,1,0,1,0,0
Sideroxylon_obtusifolium,1,0,0,0,1,0
Simaba_floribunda,0,0,0,0,0,1
Simaba_maiana,0,1,0,0,0,0
Simaba_subcymosa,0,1,0,0,0,0
Simarouba_amara,0,0,1,0,0,1
Simarouba_versicolor,1,0,0,0,0,0
Simira_corumbensis,0,0,1,0,0,0
Simira_sampaioana,0,0,0,1,0,0
Siparuna_bifida,0,0,0,0,0,1
Siparuna_brasiliensis,0,0,1,0,0,1
Siparuna_guianensis,1,0,1,0,0,1
Siparuna_poeppigii,0,0,0,0,0,1
Siparuna_reginae,0,0,0,1,0,1
Siphoneugena_crassifolia,0,1,0,1,0,1
Siphoneugena_densiflora,1,1,1,1,0,1
Siphoneugena_dussii,1,1,0,0,0,0
Siphoneugena_kiaerskoviana,0,1,0,1,0,1
Sloanea_garckeana,0,0,1,0,0,1
Sloanea_guianensis,0,0,0,1,0,1
Sloanea_hirsuta,0,0,0,0,0,1
Sloanea_lasiocoma,0,0,0,0,0,1
Sloanea_obtusifolia,0,0,0,0,0,1
Sloanea_retusa,0,0,0,0,0,1
Solanum_argenteum,0,1,0,0,0,0
Solanum_betaceum,0,0,0,0,0,1
Solanum_bullatum,0,1,0,0,0,1
Solanum_campaniforme,0,1,0,1,0,1
Solanum_cernuum,0,1,0,0,0,1
Solanum_cinnamomeum,0,1,0,1,0,1
Solanum_cladotrichum,0,1,0,1,0,1
Solanum_crinitum,0,0,0,0,0,1
Solanum_decorum,0,1,0,1,0,1
Solanum_didymum,0,1,0,0,0,1
Solanum_gardneri,0,0,0,1,1,1
Solanum_granuloso.leprosum,0,1,0,0,0,1
Solanum_itatiaiae,1,1,0,0,0,0
Solanum_latiflorum,0,1,0,0,0,0
Solanum_leptostachys,0,1,0,1,0,1
Solanum_leucodendron,0,1,0,1,0,1
Solanum_lycocarpum,1,0,0,0,0,1
Solanum_mauritianum,0,1,0,1,0,1
Solanum_megalochiton,0,1,0,1,0,1
Solanum_mellobarretoi,0,1,0,1,0,0
Solanum_oocarpum,0,0,0,0,0,1
Solanum_pseudo.quina,0,1,0,1,0,1
Solanum_psilophyllum,0,1,0,1,0,1
Solanum_rufescens,0,0,0,1,0,0
Solanum_sanctae.catharinae,0,0,0,1,0,0
Solanum_scuticum,0,1,0,0,0,1
Solanum_sellowianum,0,1,0,1,0,0
Solanum_stipulaceum,0,0,0,0,0,1
Solanum_swartzianum,1,1,0,1,0,1
Solanum_variabile,0,0,1,1,0,1
Solanum_velleum,1,1,0,1,0,1
Solanum_warmingii,0,0,0,0,0,1
Sorocea_bonplandii,0,0,0,0,0,1
Sorocea_guilleminiana,0,0,1,1,0,1
Sparattanthelium_tupiniquinorum,0,0,0,0,0,1
Sparattosperma_leucanthum,0,0,0,0,0,1
Spirotheca_rivieri,0,1,0,1,0,1
Stephanopodium_engleri,0,1,0,1,0,1
Sterculia_curiosa,0,0,0,0,0,1
Sterculia_striata,0,0,1,0,1,0
Stifftia_parviflora,0,1,0,1,1,1
Stillingia_oppositifolia,1,1,0,0,0,0
Stillingia_saxatilis,1,0,0,0,0,0
Stillingia_uleana,1,0,0,0,0,0
Strychnos_brasiliensis,0,1,0,0,0,1
Strychnos_pseudoquina,1,0,0,0,0,0
Stryphnodendron_adstringens,1,0,0,0,0,0
Stryphnodendron_polyphyllum,0,0,1,0,0,1
Stryphnodendron_rotundifolium,1,0,0,0,0,0
Styrax_aureus,1,1,0,1,0,0
Styrax_camporum,1,0,1,0,0,1
Styrax_ferrugineus,1,0,0,0,0,0
Styrax_latifolius,0,1,0,0,0,1
Styrax_maninul,1,1,0,1,0,1
Styrax_martii,1,1,0,1,0,1
Styrax_pedicellatus,1,1,0,1,0,0
Styrax_pohlii,0,0,0,0,0,1
Styrax_rotundatus,1,0,0,1,0,0
Swartzia_acutifolia,0,0,0,0,0,1
Swartzia_apetala,0,0,1,0,0,1
Swartzia_flaemingii,0,0,0,1,0,1
Swartzia_macrostachya,1,0,0,0,1,1
Swartzia_multijuga,0,0,1,1,0,1
Swartzia_myrtifolia,0,0,0,1,0,1
Swartzia_oblata,0,0,0,0,0,1
Swartzia_pilulifera,0,0,1,1,0,1
Swartzia_riedelii,0,0,0,0,0,1
Swartzia_submarginata,0,0,0,0,0,1
Sweetia_fruticosa,0,0,1,0,1,1
Syagrus_duartei,0,1,0,1,0,0
Syagrus_flexuosa,1,0,0,0,0,0
Syagrus_glaucescens,1,0,0,1,0,1
Syagrus_oleracea,0,0,0,0,1,0
Syagrus_romanzoffiana,0,0,0,0,0,1
Symphyopappus_itatiayensis,1,1,0,1,0,0
Symphyopappus_lymansmithii,1,0,0,1,0,0
Symplocos_angulata,1,1,0,1,0,0
Symplocos_arbutifolia,1,1,0,1,0,1
Symplocos_celastrinea,0,1,1,1,0,1
Symplocos_falcata,0,1,0,0,0,0
Symplocos_glaberrima,1,0,0,0,0,0
Symplocos_itatiaiae,0,0,0,1,0,0
Symplocos_microstyla,1,1,0,0,0,0
Symplocos_nitens,1,0,1,1,0,1
Symplocos_oblongifolia,1,1,1,1,0,1
Symplocos_pentandra,0,1,0,1,0,0
Symplocos_platyphylla,0,0,1,1,0,0
Symplocos_pubescens,1,1,1,0,0,1
Symplocos_revoluta,0,0,0,1,0,0
Symplocos_tenuifolia,0,0,0,0,0,1
Tabebuia_aurea,1,0,0,0,0,0
Tabebuia_obtusifolia,0,0,0,1,0,1
Tabebuia_roseoalba,0,0,0,0,1,0
Tabernaemontana_catharinensis,0,1,0,1,0,1
Tabernaemontana_hystrix,0,0,0,0,0,1
Tabernaemontana_laeta,0,0,0,0,0,1
Tabernaemontana_solanifolia,0,1,0,0,0,1
Tachigali_aurea,1,0,0,0,0,0
Tachigali_densiflora,0,0,0,0,0,1
Tachigali_duckei,0,0,0,1,0,0
Tachigali_friburgensis,0,1,0,1,0,0
Tachigali_paratyensis,0,0,0,0,0,1
Tachigali_rubiginosa,0,0,1,0,0,1
Tachigali_rugosa,0,0,1,0,0,1
Tachigali_subvelutina,0,0,1,0,0,1
Tachigali_vulgaris,0,0,0,0,0,1
Talisia_cerasina,0,0,0,0,0,1
Talisia_esculenta,1,0,1,0,1,0
Tapirira_guianensis,0,1,1,1,0,1
Tapirira_obtusa,0,1,1,1,0,1
Terminalia_argentea,1,0,1,0,1,0
Terminalia_fagifolia,1,0,1,0,0,1
Terminalia_glabrescens,0,1,1,0,1,1
Terminalia_phaeocarpa,0,0,0,0,0,1
Ternstroemia_alnifolia,0,1,0,1,0,1
Ternstroemia_brasiliensis,0,1,1,0,0,1
Ternstroemia_carnosa,1,1,0,1,0,1
Ternstroemia_cuneifolia,0,1,0,1,0,0
Tetrastylidium_grandifolium,0,0,0,0,0,1
Tetrorchidium_parvulum,0,1,0,1,0,0
Thyrsodium_spruceanum,0,0,0,0,0,1
Tibouchina_canescens,0,1,0,1,0,1
Tibouchina_estrellensis,0,1,0,1,0,1
Tibouchina_rigidula,1,0,0,1,0,1
Tibouchina_sellowiana,0,0,0,0,0,1
Tococa_guianensis,0,0,1,1,0,1
Tocoyena_brasiliensis,0,0,0,0,0,1
Tocoyena_formosa,1,0,0,0,0,0
Tontelea_leptophylla,0,0,0,0,0,1
Toulicia_laevigata,0,0,0,0,0,1
Toulicia_subsquamulata,0,0,0,0,0,1
Tovomita_leucantha,0,0,0,0,0,1
Tovomita_paniculata,0,0,0,1,0,1
Trattinnickia_ferruginea,0,0,0,0,0,1
Trema_micrantha,0,0,1,0,0,1
Trembleya_laniflora,1,1,0,1,0,0
Trembleya_parviflora,1,1,1,1,0,1
Trichilia_casaretti,0,0,0,1,0,0
Trichilia_catigua,0,0,1,0,1,1
Trichilia_claussenii,0,0,1,0,1,0
Trichilia_elegans,0,0,1,1,1,1
Trichilia_emarginata,0,1,0,1,0,1
Trichilia_hirta,0,0,1,0,1,1
Trichilia_lepidota,0,0,0,0,0,1
Trichilia_pallens,0,0,0,0,0,1
Trichilia_pallida,0,1,1,0,0,1
Triplaris_gardneriana,0,0,0,0,1,0
Unonopsis_guatterioides,0,0,1,0,0,1
Urbanodendron_verrucosum,0,0,0,0,0,1
Urera_baccifera,0,1,0,1,1,1
Vachellia_farnesiana,0,0,0,0,1,0
Vantanea_compacta,0,1,0,0,0,0
Vantanea_obovata,1,1,0,1,0,1
Vasconcellea_glandulosa,0,0,0,0,0,1
Vatairea_macrocarpa,1,0,0,0,0,0
Vataireopsis_araroba,0,0,0,0,0,1
Vellozia_gigantea,1,0,0,0,0,0
Verbesina_glabrata,1,1,0,1,0,0
Vernonanthura_discolor,0,1,0,1,0,1
Vernonanthura_divaricata,1,1,1,1,0,1
Vernonanthura_patens,0,0,0,1,0,0
Vernonanthura_petiolaris,0,1,0,0,0,0
Virola_bicuhyba,0,0,0,0,0,1
Virola_gardneri,0,0,0,0,0,1
Virola_sebifera,0,0,1,0,0,0
Vismia_brasiliensis,0,1,0,1,0,1
Vismia_magnoliifolia,0,1,0,1,0,1
Vismia_martiana,0,1,0,0,0,1
Vismia_micrantha,1,1,0,1,0,1
Vitex_megapotamica,0,1,0,0,0,1
Vitex_polygama,1,1,1,1,1,1
Vitex_rufescens,1,0,0,0,0,1
Vitex_schaueriana,0,0,0,0,1,0
Vitex_sellowiana,1,1,0,0,0,1
Vochysia_acuminata,0,1,0,1,0,1
Vochysia_cinnamomea,1,0,0,0,0,0
Vochysia_dasyantha,0,1,0,1,0,1
Vochysia_discolor,1,0,0,1,0,1
Vochysia_elliptica,1,0,0,1,0,0
Vochysia_emarginata,1,1,0,1,0,1
Vochysia_magnifica,0,0,0,0,0,1
Vochysia_pyramidalis,0,0,1,1,0,1
Vochysia_rectiflora,0,1,0,1,0,0
Vochysia_rufa,1,0,0,0,0,0
Vochysia_schwackeana,0,0,0,0,0,1
Vochysia_thyrsoidea,1,1,0,1,0,0
Vochysia_tucanorum,1,1,1,1,0,1
Weinmannia_discolor,1,1,0,1,0,0
Weinmannia_humilis,1,1,0,0,0,0
Weinmannia_paulliniifolia,0,1,0,1,0,1
Wunderlichia_mirabilis,1,1,0,1,0,1
Ximenia_americana,1,0,0,0,0,0
Ximenia_coriacea,1,0,0,0,0,0
Xylopia_aromatica,1,0,1,0,0,1
Xylopia_brasiliensis,0,0,0,0,0,1
Xylopia_emarginata,0,0,1,0,0,1
Xylopia_sericea,1,0,1,0,0,1
Xylosma_ciliatifolia,0,1,1,1,0,1
Xylosma_prockia,0,1,0,1,0,1
Xylosma_venosa,0,0,0,0,0,1
Zanthoxylum_acuminatum,0,0,0,0,1,1
Zanthoxylum_caribaeum,0,0,0,1,0,1
Zanthoxylum_fagara,0,0,0,0,1,1
Zanthoxylum_monogynum,0,0,1,0,0,1
Zanthoxylum_rhoifolium,1,1,1,0,1,1
Zanthoxylum_riedelianum,1,0,1,0,0,1
Zanthoxylum_tingoassuiba,0,0,0,0,0,1
Zeyheria_montana,1,0,0,0,0,0
Zeyheria_tuberculosa,0,0,1,1,0,1
Ziziphus_joazeiro,0,0,0,0,1,0
Zollernia_ilicifolia,0,0,1,0,0,1
Zygia_latifolia,0,0,0,0,0,1
